First Name,Last Name,Email Address,Department,Salary
Alice,Smith,alice.smith@example.com,Engineering,75000
Bob,Jones,bob.jones@example.com,Marketing,60000
Carol,White,carol.white@example.com,Engineering,82000
David,Brown,,Sales,55000
Eve,Davis,eve.davis@example.com,HR,58000
Frank,Miller,frank.miller@example.com,Engineering,91000
Alex,Johnson,,Engineering,90247
Mason,Vargas,mason.vargas@example.com,Operations,94530
Brian,Adams,brian.adams@example.com,Product,70437
Quinn,Garcia,quinn.garcia@example.com,Operations,86948
Hannah,Vargas,hannah.vargas@example.com,Legal,80917
Alex,Vargas,alex.vargas@example.com,Finance,106189
Hannah,Nguyen,hannah.nguyen@example.com,Operations,90977
Hannah,Young,hannah.young@example.com,Marketing,106956
Nina,Lewis,nina.lewis@example.com,Sales,110443
Mason,Turner,mason.turner@example.com,HR,66996
Ian,Young,ian.young@example.com,HR,61900
Fiona,Johnson,fiona.johnson@example.com,Marketing,95994
Cathy,Kim,cathy.kim@example.com,IT,78638
Wendy,Campbell,wendy.campbell@example.com,Legal,90426
Piper,Nguyen,piper.nguyen@example.com,Finance,62455
Brian,Martin,,Finance,48246
Owen,Ingram,owen.ingram@example.com,HR,49302
Xander,Zimmerman,xander.zimmerman@example.com,Operations,115002
Yara,Nguyen,yara.nguyen@example.com,Legal,73455
George,Turner,george.turner@example.com,Engineering,104553
Victor,Foster,victor.foster@example.com,Support,52829
Yara,Underwood,yara.underwood@example.com,Operations,64675
Xander,Edwards,xander.edwards@example.com,IT,114711
Brian,Adams,brian.adams@example.com,HR,112032
Uma,Garcia,uma.garcia@example.com,Product,73091
Victor,Stewart,victor.stewart@example.com,Sales,47505
Cathy,Johnson,cathy.johnson@example.com,Sales,108810
Ian,Walker,ian.walker@example.com,Finance,59213
Hannah,Quinn,hannah.quinn@example.com,Product,103564
Fiona,Reed,fiona.reed@example.com,Support,57880
George,Foster,,Operations,88753
Luna,Martin,luna.martin@example.com,Marketing,69767
Fiona,Underwood,fiona.underwood@example.com,IT,79136
George,Ingram,george.ingram@example.com,Sales,106497
Ruby,Young,ruby.young@example.com,Sales,46755
Xander,Baker,xander.baker@example.com,Sales,100139
Ruby,Johnson,ruby.johnson@example.com,Marketing,92649
Sean,Walker,sean.walker@example.com,HR,83167
Ian,Parker,ian.parker@example.com,Support,53033
Sean,Vargas,sean.vargas@example.com,Legal,109507
Zane,Ortiz,zane.ortiz@example.com,Marketing,102987
Ian,Harper,ian.harper@example.com,Operations,113124
Fiona,Nguyen,fiona.nguyen@example.com,Operations,79574
Piper,Zimmerman,piper.zimmerman@example.com,Support,94524
Brian,Lewis,brian.lewis@example.com,HR,88798
Diana,Reed,,Legal,119276
Victor,Martin,victor.martin@example.com,Engineering,73298
Xander,Martin,xander.martin@example.com,Product,49410
Cathy,Quinn,cathy.quinn@example.com,Support,105262
Ian,Young,ian.young@example.com,IT,50375
Ruby,Garcia,ruby.garcia@example.com,Operations,117054
Hannah,Underwood,hannah.underwood@example.com,HR,56884
Fiona,Zimmerman,fiona.zimmerman@example.com,HR,49299
Piper,Parker,piper.parker@example.com,Sales,113459
Ian,Stewart,ian.stewart@example.com,Marketing,98485
Wendy,Quinn,wendy.quinn@example.com,Sales,83968
Nina,Vargas,nina.vargas@example.com,Legal,97498
Quinn,Quinn,quinn.quinn@example.com,Operations,96224
Yara,Ingram,yara.ingram@example.com,Support,102605
Mason,Vargas,mason.vargas@example.com,Legal,71877
Wendy,Walker,,Engineering,78026
Brian,Campbell,brian.campbell@example.com,Operations,57932
Kyle,Duncan,kyle.duncan@example.com,Operations,97244
Sean,Reed,sean.reed@example.com,Engineering,71176
Ethan,Adams,ethan.adams@example.com,Legal,114020
Sean,Young,sean.young@example.com,Support,75576
George,Reed,george.reed@example.com,Marketing,53894
Tina,Lewis,tina.lewis@example.com,Marketing,95555
Piper,Campbell,piper.campbell@example.com,HR,52344
Zane,Campbell,zane.campbell@example.com,Sales,75936
Piper,Foster,piper.foster@example.com,Sales,76694
Brian,Young,brian.young@example.com,Engineering,106620
Ethan,Parker,ethan.parker@example.com,Marketing,63789
Piper,Kim,piper.kim@example.com,IT,64847
Jenna,Campbell,jenna.campbell@example.com,IT,101150
Yara,Foster,,Marketing,115484
Kyle,Duncan,kyle.duncan@example.com,Product,109250
Diana,Turner,diana.turner@example.com,Marketing,69902
Xander,Underwood,xander.underwood@example.com,HR,83429
Zane,Foster,zane.foster@example.com,Operations,111567
Ruby,Reed,ruby.reed@example.com,Product,100352
Quinn,Duncan,quinn.duncan@example.com,Sales,117419
Piper,Kim,piper.kim@example.com,HR,111449
Brian,Young,brian.young@example.com,Operations,90070
Wendy,Quinn,wendy.quinn@example.com,Support,67095
Sean,Young,sean.young@example.com,Operations,119520
Luna,Martin,luna.martin@example.com,Marketing,99796
Mason,Martin,mason.martin@example.com,HR,54046
Uma,Stewart,uma.stewart@example.com,Operations,96023
Yara,Reed,yara.reed@example.com,Product,113865
George,Young,,Engineering,71651
Sean,Campbell,sean.campbell@example.com,Sales,52779
Yara,Johnson,yara.johnson@example.com,Engineering,68817
Fiona,Turner,fiona.turner@example.com,HR,68657
Mason,Stewart,mason.stewart@example.com,HR,115633
Ethan,Zimmerman,ethan.zimmerman@example.com,Support,86431
Brian,Stewart,brian.stewart@example.com,Sales,99105
Ruby,Garcia,ruby.garcia@example.com,Product,57392
Sean,Edwards,sean.edwards@example.com,Marketing,57722
Victor,Quinn,victor.quinn@example.com,Finance,81470
Yara,Harper,yara.harper@example.com,Sales,80020
Alex,Johnson,alex.johnson@example.com,Marketing,98580
Alex,Reed,alex.reed@example.com,Sales,75261
Nina,Vargas,nina.vargas@example.com,Marketing,82765
Diana,Garcia,diana.garcia@example.com,Legal,46320
Ethan,Campbell,,Product,64923
Ruby,Walker,ruby.walker@example.com,HR,76769
Hannah,Garcia,hannah.garcia@example.com,Sales,111252
Victor,Duncan,victor.duncan@example.com,Legal,85729
Tina,Baker,tina.baker@example.com,Operations,112045
Piper,Edwards,piper.edwards@example.com,Legal,53552
Tina,Adams,tina.adams@example.com,Sales,110573
Fiona,Duncan,fiona.duncan@example.com,IT,109078
Sean,Walker,sean.walker@example.com,Finance,103822
Xander,Turner,,Legal,54441
Hannah,Garcia,hannah.garcia1@example.com,Operations,99832
Nina,Baker,nina.baker@example.com,Legal,98278
Nina,Johnson,nina.johnson@example.com,Product,85966
Jenna,Garcia,jenna.garcia@example.com,Finance,112376
Ruby,Parker,ruby.parker@example.com,Engineering,70640
George,Ortiz,george.ortiz@example.com,Operations,119818
Jenna,Parker,jenna.parker@example.com,IT,76307
Tina,Nguyen,tina.nguyen@example.com,Finance,70399
Mason,Nguyen,mason.nguyen@example.com,Product,114599
Brian,Adams,brian.adams10@example.com,Operations,92867
George,Quinn,george.quinn@example.com,Finance,75988
Hannah,Ortiz,hannah.ortiz@example.com,Finance,57493
George,Vargas,george.vargas@example.com,Engineering,90501
Ethan,Foster,ethan.foster@example.com,Product,114317
Ruby,Reed,ruby.reed15@example.com,Marketing,99668
Luna,Martin,luna.martin16@example.com,Finance,75723
Brian,Ortiz,,Finance,116206
Fiona,Duncan,fiona.duncan18@example.com,Support,108583
Nina,Johnson,nina.johnson@example.com,Legal,72331
Nina,Kim,nina.kim@example.com,Sales,95062
Cathy,Harper,cathy.harper@example.com,HR,77528
Diana,Nguyen,diana.nguyen@example.com,Legal,110569
Sean,Underwood,sean.underwood@example.com,Engineering,51904
Quinn,Young,quinn.young@example.com,Legal,56270
Sean,Parker,sean.parker@example.com,Product,110267
Brian,Zimmerman,brian.zimmerman@example.com,Support,102371
Ethan,Young,ethan.young@example.com,Legal,55995
Victor,Ortiz,victor.ortiz@example.com,Engineering,82252
Tina,Underwood,tina.underwood@example.com,Finance,92868
Luna,Quinn,luna.quinn@example.com,Operations,66025
Yara,Reed,yara.reed31@example.com,Finance,56522
Quinn,Zimmerman,quinn.zimmerman@example.com,IT,46643
Diana,Young,diana.young@example.com,Product,57185
Nina,Ortiz,,HR,63605
Ruby,Young,ruby.young35@example.com,Finance,97610
Nina,Lewis,nina.lewis36@example.com,Finance,78546
Kyle,Turner,kyle.turner@example.com,Legal,85741
Xander,Vargas,xander.vargas@example.com,Operations,103506
Nina,Stewart,nina.stewart@example.com,Marketing,88379
Hannah,Zimmerman,hannah.zimmerman@example.com,Finance,75725
Luna,Reed,luna.reed@example.com,Sales,107254
Diana,Nguyen,diana.nguyen@example.com,Marketing,62108
Uma,Kim,uma.kim@example.com,Engineering,53687
Quinn,Ortiz,quinn.ortiz@example.com,Operations,106593
Nina,Ortiz,nina.ortiz@example.com,Finance,45007
Victor,Parker,victor.parker@example.com,Support,89744
Alex,Nguyen,alex.nguyen@example.com,IT,53020
Hannah,Ortiz,hannah.ortiz@example.com,HR,82495
Xander,Underwood,xander.underwood49@example.com,Engineering,65529
Zane,Turner,zane.turner@example.com,Marketing,77582
Kyle,Walker,,HR,68570
Quinn,Quinn,quinn.quinn52@example.com,Sales,45947
Ethan,Ingram,ethan.ingram@example.com,HR,94647
Zane,Quinn,zane.quinn@example.com,Product,109070
Victor,Young,victor.young@example.com,Product,80869
Ruby,Ortiz,ruby.ortiz@example.com,Support,96157
Owen,Harper,owen.harper@example.com,Sales,72123
Sean,Foster,sean.foster@example.com,IT,110868
Quinn,Kim,quinn.kim@example.com,Engineering,80351
Fiona,Ortiz,fiona.ortiz@example.com,Support,115469
Diana,Kim,diana.kim@example.com,Legal,52026
Jenna,Young,jenna.young@example.com,Sales,113600
Sean,Quinn,sean.quinn@example.com,Product,108451
Cathy,Martin,cathy.martin@example.com,IT,80959
Fiona,Reed,fiona.reed65@example.com,HR,107378
Quinn,Parker,quinn.parker@example.com,Legal,80538
Luna,Martin,luna.martin67@example.com,IT,68394
Uma,Campbell,,Engineering,87897
Brian,Quinn,brian.quinn@example.com,Operations,92341
Nina,Foster,nina.foster@example.com,Sales,117664
Xander,Baker,xander.baker71@example.com,Sales,99397
Owen,Reed,owen.reed@example.com,Support,51313
Yara,Duncan,yara.duncan@example.com,Product,100209
Piper,Ortiz,piper.ortiz@example.com,Support,101727
Yara,Reed,yara.reed75@example.com,IT,99550
Sean,Vargas,sean.vargas76@example.com,Legal,105171
Ethan,Underwood,ethan.underwood@example.com,IT,109540
Sean,Zimmerman,sean.zimmerman@example.com,Engineering,98846
Ian,Harper,ian.harper79@example.com,Sales,53209
Piper,Martin,piper.martin@example.com,Product,70021
Sean,Adams,sean.adams@example.com,Operations,55582
Fiona,Adams,fiona.adams@example.com,Support,60284
Nina,Zimmerman,nina.zimmerman@example.com,Support,50648
Zane,Turner,zane.turner@example.com,Engineering,77256
Ruby,Lewis,,Engineering,105057
Ruby,Edwards,ruby.edwards@example.com,Finance,116775
Mason,Lewis,mason.lewis@example.com,Finance,118164
Sean,Young,sean.young88@example.com,IT,104473
Diana,Walker,diana.walker@example.com,Sales,79325
Fiona,Garcia,fiona.garcia@example.com,Finance,111048
Fiona,Campbell,fiona.campbell@example.com,Support,78783
Zane,Nguyen,zane.nguyen@example.com,Engineering,77436
Wendy,Garcia,wendy.garcia@example.com,Marketing,71562
Nina,Edwards,nina.edwards@example.com,HR,99600
Diana,Nguyen,diana.nguyen@example.com,Sales,48454
George,Harper,george.harper@example.com,Product,86829
Jenna,Stewart,jenna.stewart@example.com,Operations,99908
Nina,Johnson,nina.johnson@example.com,Marketing,82122
Cathy,Nguyen,cathy.nguyen@example.com,Engineering,77065
Tina,Vargas,tina.vargas@example.com,Engineering,92895
Piper,Young,piper.young@example.com,Support,59876
Hannah,Campbell,,Marketing,85892
Tina,Lewis,tina.lewis103@example.com,Operations,74324
Luna,Johnson,luna.johnson@example.com,IT,84766
Hannah,Turner,hannah.turner@example.com,HR,62431
Xander,Baker,xander.baker106@example.com,Legal,64266
Yara,Walker,yara.walker@example.com,Support,111658
Fiona,Kim,fiona.kim@example.com,Operations,119098
Piper,Edwards,piper.edwards109@example.com,Operations,86881
Sean,Vargas,sean.vargas110@example.com,IT,49826
Luna,Garcia,luna.garcia@example.com,Legal,78380
Hannah,Parker,hannah.parker@example.com,Operations,67037
Quinn,Foster,quinn.foster@example.com,Support,104658
Diana,Harper,diana.harper@example.com,HR,73607
Ruby,Ortiz,ruby.ortiz@example.com,HR,72908
Nina,Campbell,nina.campbell@example.com,Engineering,73364
Yara,Nguyen,yara.nguyen117@example.com,Engineering,60783
George,Vargas,george.vargas@example.com,Legal,103579
Zane,Nguyen,,Marketing,76382
Hannah,Underwood,hannah.underwood120@example.com,Finance,105116
Diana,Turner,diana.turner121@example.com,Finance,76917
Uma,Quinn,uma.quinn@example.com,Legal,88350
Ian,Walker,ian.walker123@example.com,Marketing,81726
Zane,Edwards,zane.edwards@example.com,HR,105908
Owen,Ingram,owen.ingram125@example.com,Finance,56919
Kyle,Johnson,kyle.johnson@example.com,Legal,119076
Uma,Adams,uma.adams@example.com,Support,95371
Victor,Johnson,victor.johnson@example.com,Legal,96623
Xander,Reed,xander.reed@example.com,Operations,117155
Kyle,Harper,kyle.harper@example.com,Legal,90353
Quinn,Harper,quinn.harper@example.com,Sales,91930
Piper,Nguyen,piper.nguyen132@example.com,Marketing,83914
Ian,Reed,ian.reed@example.com,IT,93998
Fiona,Reed,fiona.reed134@example.com,Product,92778
Owen,Kim,owen.kim@example.com,IT,92213
Victor,Duncan,,Engineering,81910
Zane,Reed,zane.reed@example.com,Engineering,67245
Ruby,Reed,ruby.reed138@example.com,Sales,119406
Ian,Young,ian.young139@example.com,Legal,115640
Quinn,Garcia,quinn.garcia140@example.com,Finance,117623
Brian,Johnson,brian.johnson@example.com,Engineering,99993
Zane,Parker,zane.parker@example.com,Engineering,102053
Sean,Foster,sean.foster@example.com,Marketing,103971
Ian,Duncan,ian.duncan@example.com,Legal,50592
Mason,Walker,mason.walker@example.com,IT,74588
Owen,Ortiz,owen.ortiz@example.com,IT,69678
Nina,Baker,nina.baker@example.com,Operations,92760
Owen,Young,owen.young@example.com,Operations,52038
Fiona,Turner,fiona.turner149@example.com,Product,88769
Nina,Parker,nina.parker@example.com,Sales,117796
Victor,Zimmerman,victor.zimmerman@example.com,Operations,94649
Owen,Turner,owen.turner@example.com,Engineering,72894
Hannah,Harper,,Engineering,110840
Zane,Lewis,zane.lewis@example.com,Product,102209
Nina,Kim,nina.kim@example.com,HR,101330
Wendy,Underwood,wendy.underwood@example.com,HR,104814
Hannah,Underwood,hannah.underwood157@example.com,Finance,119141
Tina,Young,tina.young@example.com,Sales,76940
Ian,Ingram,ian.ingram@example.com,Sales,87989
Owen,Walker,owen.walker@example.com,IT,95228
Fiona,Nguyen,fiona.nguyen161@example.com,Product,81923
Sean,Duncan,sean.duncan@example.com,HR,70556
Luna,Martin,luna.martin163@example.com,HR,105802
Xander,Adams,xander.adams@example.com,Finance,96778
Ethan,Garcia,ethan.garcia@example.com,Engineering,51229
Nina,Harper,nina.harper@example.com,Operations,49714
Xander,Turner,xander.turner@example.com,Finance,55886
Fiona,Young,fiona.young@example.com,Operations,64549
Uma,Nguyen,uma.nguyen@example.com,Finance,58913
Owen,Vargas,,Operations,65388
Kyle,Vargas,kyle.vargas@example.com,Marketing,96300
Nina,Duncan,nina.duncan@example.com,Operations,115890
Ethan,Nguyen,ethan.nguyen@example.com,Support,56567
Piper,Ortiz,piper.ortiz@example.com,Support,48956
Mason,Walker,mason.walker@example.com,Finance,72618
George,Zimmerman,george.zimmerman@example.com,Support,103058
Piper,Parker,piper.parker177@example.com,Operations,90159
Ian,Nguyen,ian.nguyen@example.com,IT,118685
Luna,Adams,luna.adams@example.com,IT,57476
Brian,Ortiz,brian.ortiz@example.com,Sales,45491
Mason,Ortiz,mason.ortiz@example.com,Finance,85400
Piper,Parker,piper.parker182@example.com,Legal,92235
Ian,Quinn,ian.quinn@example.com,Sales,55921
Cathy,Martin,cathy.martin@example.com,Engineering,87187
Zane,Adams,zane.adams@example.com,Marketing,54598
Tina,Edwards,tina.edwards@example.com,Finance,102670
Piper,Young,,HR,48370
Victor,Ingram,victor.ingram@example.com,HR,50671
Victor,Johnson,victor.johnson@example.com,Sales,87597
Kyle,Nguyen,kyle.nguyen@example.com,Marketing,110002
Xander,Young,xander.young@example.com,Marketing,97481
Zane,Quinn,zane.quinn@example.com,Finance,66221
Diana,Zimmerman,diana.zimmerman@example.com,Sales,91203
Xander,Foster,xander.foster@example.com,Support,76714
Sean,Stewart,sean.stewart@example.com,Sales,64175
Mason,Lewis,mason.lewis@example.com,Engineering,73565
Wendy,Foster,wendy.foster@example.com,Sales,102566
Victor,Vargas,victor.vargas@example.com,Operations,90362
Victor,Vargas,victor.vargas@example.com,IT,53672
Hannah,Lewis,hannah.lewis@example.com,Sales,72249
Wendy,Adams,wendy.adams@example.com,Finance,103781
Wendy,Walker,wendy.walker@example.com,Legal,101080
Victor,Parker,victor.parker@example.com,Support,50477
Luna,Adams,,Sales,79063
Jenna,Baker,jenna.baker@example.com,Marketing,47932
Kyle,Walker,kyle.walker@example.com,IT,102756
Mason,Zimmerman,mason.zimmerman@example.com,Finance,83879
Yara,Harper,yara.harper208@example.com,HR,50171
Yara,Nguyen,yara.nguyen209@example.com,Product,106768
Brian,Nguyen,brian.nguyen@example.com,Marketing,73792
Diana,Zimmerman,diana.zimmerman@example.com,IT,101169
Owen,Duncan,owen.duncan@example.com,HR,79723
Ruby,Garcia,ruby.garcia213@example.com,Support,95787
Zane,Lewis,zane.lewis@example.com,Marketing,109985
Yara,Zimmerman,yara.zimmerman@example.com,Operations,55710
Uma,Lewis,uma.lewis@example.com,Support,109424
Luna,Reed,luna.reed@example.com,Support,113122
Mason,Johnson,mason.johnson@example.com,Sales,107334
George,Baker,george.baker@example.com,Sales,77972
Piper,Ortiz,piper.ortiz@example.com,Product,88870
Luna,Johnson,,Operations,97078
Quinn,Lewis,quinn.lewis@example.com,Operations,98835
Mason,Lewis,mason.lewis@example.com,Finance,86041
Ian,Baker,ian.baker@example.com,Engineering,67323
Ethan,Ingram,ethan.ingram@example.com,Engineering,107610
Yara,Reed,yara.reed226@example.com,Operations,75287
Brian,Harper,brian.harper@example.com,Support,118934
Tina,Ingram,tina.ingram@example.com,Finance,83438
Quinn,Foster,quinn.foster@example.com,Support,91334
Tina,Harper,tina.harper@example.com,Legal,102195
Diana,Ortiz,diana.ortiz@example.com,Sales,58711
Hannah,Parker,hannah.parker@example.com,IT,84752
Cathy,Ortiz,cathy.ortiz@example.com,IT,108846
Cathy,Kim,cathy.kim234@example.com,IT,53550
Luna,Martin,luna.martin235@example.com,Legal,68354
Hannah,Martin,hannah.martin@example.com,Legal,102966
Sean,Lewis,sean.lewis@example.com,Product,83736
Tina,Lewis,,Operations,46980
Uma,Lewis,uma.lewis@example.com,Legal,70727
Sean,Parker,sean.parker@example.com,HR,53237
Ian,Foster,ian.foster@example.com,Marketing,68521
Wendy,Zimmerman,wendy.zimmerman@example.com,Marketing,63901
Victor,Edwards,victor.edwards@example.com,Finance,50008
Ruby,Turner,ruby.turner@example.com,HR,56990
Piper,Duncan,piper.duncan@example.com,Support,52019
Ruby,Garcia,ruby.garcia246@example.com,Marketing,74763
Quinn,Ingram,quinn.ingram@example.com,Marketing,96020
Sean,Vargas,sean.vargas248@example.com,Sales,74332
Tina,Vargas,tina.vargas@example.com,Finance,101096
Yara,Underwood,yara.underwood250@example.com,Legal,68310
Brian,Stewart,brian.stewart251@example.com,HR,118406
Quinn,Ingram,quinn.ingram@example.com,IT,88078
Nina,Underwood,nina.underwood@example.com,IT,70500
Yara,Edwards,yara.edwards@example.com,Operations,65623
Ruby,Ingram,,Support,119463
Piper,Walker,piper.walker@example.com,HR,105773
Ian,Young,ian.young257@example.com,Sales,80537
Jenna,Kim,jenna.kim@example.com,HR,71344
Owen,Foster,owen.foster@example.com,Finance,69554
Brian,Young,brian.young260@example.com,Sales,75281
Tina,Young,tina.young@example.com,Finance,119248
Uma,Johnson,uma.johnson@example.com,Support,49582
Jenna,Martin,jenna.martin@example.com,Product,80440
George,Garcia,george.garcia@example.com,Legal,78471
Tina,Baker,tina.baker265@example.com,Operations,74666
Quinn,Quinn,quinn.quinn266@example.com,Support,81331
Diana,Duncan,diana.duncan@example.com,Sales,67220
Victor,Ingram,victor.ingram@example.com,HR,90405
Cathy,Nguyen,cathy.nguyen@example.com,Finance,87425
Quinn,Campbell,quinn.campbell@example.com,Operations,70818
Piper,Foster,piper.foster271@example.com,Legal,52414
Hannah,Baker,,HR,97114
George,Martin,george.martin@example.com,Sales,66657
Sean,Reed,sean.reed274@example.com,Legal,66802
Wendy,Turner,wendy.turner@example.com,Product,114242
Piper,Baker,piper.baker@example.com,Support,46511
Cathy,Baker,cathy.baker@example.com,Support,70930
Ruby,Reed,ruby.reed278@example.com,HR,80959
Luna,Edwards,luna.edwards@example.com,Operations,51668
Jenna,Lewis,jenna.lewis@example.com,IT,95138
George,Parker,george.parker@example.com,Marketing,105914
Sean,Duncan,sean.duncan@example.com,HR,63614
Tina,Duncan,tina.duncan@example.com,Sales,78879
Brian,Lewis,brian.lewis284@example.com,Support,111483
Cathy,Vargas,cathy.vargas@example.com,Legal,81237
Xander,Baker,xander.baker286@example.com,Engineering,61393
Nina,Harper,nina.harper@example.com,HR,111734
Cathy,Quinn,cathy.quinn288@example.com,IT,57730
Victor,Martin,,HR,88582
Owen,Duncan,owen.duncan@example.com,Finance,82412
Quinn,Vargas,quinn.vargas@example.com,Legal,75962
Ethan,Duncan,ethan.duncan@example.com,Sales,60658
Hannah,Stewart,hannah.stewart@example.com,Product,93497
Jenna,Kim,jenna.kim@example.com,IT,111311
Kyle,Ortiz,kyle.ortiz@example.com,Product,108398
Ethan,Garcia,ethan.garcia@example.com,Product,76177
Fiona,Parker,fiona.parker@example.com,Product,77576
Alex,Walker,alex.walker@example.com,Engineering,112118
Quinn,Nguyen,quinn.nguyen@example.com,Operations,96302
Kyle,Underwood,kyle.underwood@example.com,Marketing,91743
Yara,Vargas,yara.vargas@example.com,Finance,75061
Luna,Ortiz,luna.ortiz@example.com,HR,96333
Ruby,Walker,ruby.walker303@example.com,Support,114214
Ruby,Ortiz,ruby.ortiz@example.com,Marketing,67993
Hannah,Harper,hannah.harper@example.com,Engineering,51135
Ruby,Campbell,,Marketing,115057
Diana,Underwood,diana.underwood@example.com,Engineering,106180
Tina,Vargas,tina.vargas@example.com,Engineering,70214
Owen,Adams,owen.adams@example.com,Legal,86740
Cathy,Vargas,cathy.vargas@example.com,Operations,103343
Kyle,Turner,kyle.turner@example.com,Product,77104
Victor,Baker,victor.baker@example.com,Engineering,98534
Quinn,Campbell,quinn.campbell@example.com,Support,109903
Uma,Young,uma.young@example.com,Engineering,91467
Brian,Johnson,brian.johnson@example.com,HR,84202
Brian,Turner,brian.turner@example.com,IT,97186
Ruby,Turner,ruby.turner@example.com,Operations,57776
Owen,Underwood,owen.underwood@example.com,Operations,86495
George,Vargas,george.vargas@example.com,Legal,50286
Quinn,Harper,quinn.harper@example.com,Finance,50076
Mason,Duncan,mason.duncan@example.com,Legal,117622
Sean,Young,sean.young322@example.com,Engineering,101313
Tina,Harper,,Engineering,51928
Nina,Harper,nina.harper@example.com,Operations,65272
Ian,Underwood,ian.underwood@example.com,Marketing,49713
Quinn,Vargas,quinn.vargas@example.com,Product,49422
Zane,Edwards,zane.edwards@example.com,Marketing,79941
Fiona,Ingram,fiona.ingram@example.com,Legal,48813
Tina,Stewart,tina.stewart@example.com,Support,117688
Zane,Ingram,zane.ingram@example.com,Operations,95119
Mason,Foster,mason.foster@example.com,Product,87683
Ethan,Edwards,ethan.edwards@example.com,Finance,52192
Diana,Adams,diana.adams@example.com,HR,109592
Wendy,Duncan,wendy.duncan@example.com,Sales,102147
Owen,Young,owen.young@example.com,Operations,88446
Brian,Zimmerman,brian.zimmerman@example.com,Support,73674
Ethan,Vargas,ethan.vargas@example.com,Sales,57814
Sean,Adams,sean.adams@example.com,HR,86506
Xander,Walker,xander.walker@example.com,Legal,99595
Quinn,Vargas,,Finance,95461
Fiona,Ingram,fiona.ingram@example.com,Finance,59474
Owen,Ortiz,owen.ortiz@example.com,Sales,46413
Uma,Lewis,uma.lewis@example.com,Product,88992
Fiona,Reed,fiona.reed344@example.com,HR,81753
Zane,Johnson,zane.johnson@example.com,Sales,104112
Ethan,Edwards,ethan.edwards@example.com,Operations,71145
Alex,Parker,alex.parker@example.com,Product,69436
Brian,Harper,brian.harper@example.com,IT,88537
Ethan,Johnson,ethan.johnson@example.com,Sales,110495
Diana,Young,diana.young@example.com,Sales,49120
Mason,Garcia,mason.garcia@example.com,Finance,77904
Xander,Reed,xander.reed@example.com,Legal,100233
Wendy,Edwards,wendy.edwards@example.com,Support,54402
George,Edwards,george.edwards@example.com,Operations,93213
Diana,Edwards,diana.edwards@example.com,IT,83734
Xander,Garcia,xander.garcia@example.com,Finance,89446
Wendy,Johnson,,HR,57242
Owen,Zimmerman,owen.zimmerman@example.com,Legal,112004
Tina,Parker,tina.parker@example.com,Legal,119767
Hannah,Harper,hannah.harper@example.com,Finance,73189
Nina,Turner,nina.turner@example.com,Support,115880
Ethan,Harper,ethan.harper@example.com,HR,82285
Mason,Martin,mason.martin363@example.com,Operations,50062
Ruby,Baker,ruby.baker@example.com,Product,48084
Wendy,Vargas,wendy.vargas@example.com,HR,66181
Piper,Vargas,piper.vargas@example.com,Support,117808
Uma,Underwood,uma.underwood@example.com,Marketing,115016
Mason,Ortiz,mason.ortiz@example.com,Legal,83999
Xander,Duncan,xander.duncan@example.com,Sales,61201
Kyle,Johnson,kyle.johnson@example.com,HR,108332
Xander,Garcia,xander.garcia@example.com,Finance,60159
Mason,Young,mason.young@example.com,Engineering,66610
Zane,Reed,zane.reed@example.com,Support,46677
Piper,Garcia,,Product,52034
Quinn,Duncan,quinn.duncan375@example.com,Finance,49520
Yara,Baker,yara.baker@example.com,Legal,98419
Jenna,Quinn,jenna.quinn@example.com,Finance,54381
Nina,Kim,nina.kim@example.com,HR,49366
Xander,Zimmerman,xander.zimmerman379@example.com,HR,76851
Victor,Zimmerman,victor.zimmerman@example.com,Support,54796
Quinn,Edwards,quinn.edwards@example.com,Sales,52515
Victor,Walker,victor.walker@example.com,IT,98691
Uma,Baker,uma.baker@example.com,Engineering,65910
Xander,Duncan,xander.duncan@example.com,Finance,86305
Kyle,Kim,kyle.kim@example.com,HR,67612
Wendy,Ortiz,wendy.ortiz@example.com,HR,104537
Luna,Ortiz,luna.ortiz@example.com,Legal,88964
Nina,Lewis,nina.lewis388@example.com,Finance,89783
Luna,Ortiz,luna.ortiz@example.com,IT,71392
Ruby,Martin,ruby.martin@example.com,Operations,103195
Zane,Duncan,,IT,105953
Ethan,Reed,ethan.reed@example.com,Support,87703
Ruby,Underwood,ruby.underwood@example.com,Finance,52077
Brian,Young,brian.young394@example.com,Support,65948
Diana,Stewart,diana.stewart@example.com,Engineering,66608
Mason,Young,mason.young@example.com,Support,55208
Hannah,Adams,hannah.adams@example.com,Marketing,87481
Sean,Garcia,sean.garcia@example.com,Finance,71659
Tina,Johnson,tina.johnson@example.com,Engineering,95973
Ruby,Baker,ruby.baker@example.com,Sales,84466
Hannah,Parker,hannah.parker@example.com,Marketing,102257
Owen,Johnson,owen.johnson@example.com,Operations,93055
Ian,Martin,ian.martin@example.com,IT,58765
George,Martin,george.martin@example.com,IT,61576
Jenna,Campbell,jenna.campbell405@example.com,Engineering,63942
Owen,Reed,owen.reed@example.com,Engineering,47179
Hannah,Martin,hannah.martin@example.com,Finance,71740
George,Foster,,Legal,83362
Zane,Young,zane.young@example.com,HR,108458
Kyle,Stewart,kyle.stewart@example.com,Legal,88566
Diana,Reed,diana.reed@example.com,Marketing,104407
Xander,Martin,xander.martin412@example.com,Sales,100936
Piper,Young,piper.young@example.com,Marketing,52213
Xander,Foster,xander.foster@example.com,Sales,66220
Ian,Ingram,ian.ingram@example.com,IT,97421
Fiona,Lewis,fiona.lewis@example.com,IT,89718
Tina,Foster,tina.foster@example.com,Finance,89495
Tina,Edwards,tina.edwards@example.com,Legal,114534
Piper,Kim,piper.kim419@example.com,Operations,110483
Ruby,Zimmerman,ruby.zimmerman@example.com,IT,50523
Ian,Zimmerman,ian.zimmerman@example.com,Sales,80394
Cathy,Edwards,cathy.edwards@example.com,Operations,93282
Diana,Reed,diana.reed@example.com,HR,47186
Ruby,Kim,ruby.kim@example.com,IT,60948
Ian,Duncan,,Support,56129
Cathy,Duncan,cathy.duncan@example.com,Finance,109839
Sean,Foster,sean.foster@example.com,Operations,55499
Fiona,Zimmerman,fiona.zimmerman428@example.com,Support,91377
Ian,Walker,ian.walker429@example.com,HR,87201
Tina,Underwood,tina.underwood@example.com,Legal,94638
Hannah,Garcia,hannah.garcia431@example.com,Operations,83270
Mason,Ortiz,mason.ortiz@example.com,HR,80062
Zane,Garcia,zane.garcia@example.com,Product,90127
Owen,Martin,owen.martin@example.com,HR,105060
Victor,Reed,victor.reed@example.com,Operations,58251
Xander,Edwards,xander.edwards436@example.com,HR,117781
Sean,Nguyen,sean.nguyen@example.com,IT,117700
Nina,Ortiz,nina.ortiz@example.com,Sales,103015
Owen,Campbell,owen.campbell@example.com,Support,97615
Xander,Underwood,xander.underwood440@example.com,Engineering,87023
Nina,Ortiz,nina.ortiz@example.com,IT,82878
Diana,Garcia,,HR,89714
Mason,Ortiz,mason.ortiz@example.com,IT,89692
Victor,Baker,victor.baker@example.com,Engineering,102823
Uma,Campbell,uma.campbell@example.com,Support,59076
Kyle,Quinn,kyle.quinn@example.com,Product,47710
Sean,Quinn,sean.quinn@example.com,Product,80516
Uma,Reed,uma.reed@example.com,HR,83006
Cathy,Parker,cathy.parker@example.com,Support,89157
Brian,Baker,brian.baker@example.com,Engineering,109014
Wendy,Johnson,wendy.johnson@example.com,Product,79615
Jenna,Lewis,jenna.lewis@example.com,Product,98124
Hannah,Lewis,hannah.lewis@example.com,Operations,82582
Kyle,Vargas,kyle.vargas@example.com,IT,49927
Piper,Garcia,piper.garcia@example.com,Engineering,99289
Alex,Johnson,alex.johnson456@example.com,HR,83032
Brian,Johnson,brian.johnson@example.com,Finance,51873
Brian,Foster,brian.foster@example.com,Marketing,75918
Victor,Martin,,Marketing,100520
Quinn,Kim,quinn.kim@example.com,Product,57693
Cathy,Turner,cathy.turner@example.com,Engineering,62350
Kyle,Zimmerman,kyle.zimmerman@example.com,Engineering,71197
Ethan,Parker,ethan.parker463@example.com,Legal,46810
Zane,Stewart,zane.stewart@example.com,Operations,62610
George,Campbell,george.campbell@example.com,Engineering,69768
Sean,Nguyen,sean.nguyen@example.com,Product,73193
Alex,Kim,alex.kim@example.com,HR,98989
Ian,Quinn,ian.quinn@example.com,IT,100829
Hannah,Edwards,hannah.edwards@example.com,Product,107229
Diana,Reed,diana.reed@example.com,HR,57157
Piper,Underwood,piper.underwood@example.com,HR,57314
Diana,Underwood,diana.underwood@example.com,Support,109900
Ruby,Ortiz,ruby.ortiz@example.com,Product,113253
Piper,Ingram,piper.ingram@example.com,Finance,94744
Yara,Foster,yara.foster@example.com,Finance,84700
Mason,Ortiz,,Marketing,78590
Alex,Walker,alex.walker@example.com,Legal,64367
Cathy,Young,cathy.young@example.com,Product,57644
Sean,Campbell,sean.campbell479@example.com,Support,110113
Xander,Ingram,xander.ingram@example.com,Product,111932
Nina,Foster,nina.foster@example.com,Marketing,57025
Xander,Duncan,xander.duncan@example.com,Operations,66217
Ian,Martin,ian.martin@example.com,Legal,46622
Luna,Nguyen,luna.nguyen@example.com,Engineering,114606
Cathy,Underwood,cathy.underwood@example.com,HR,95049
Zane,Walker,zane.walker@example.com,IT,83101
Nina,Reed,nina.reed@example.com,IT,119726
Owen,Underwood,owen.underwood@example.com,Product,48600
Mason,Edwards,mason.edwards@example.com,Product,91676
Diana,Walker,diana.walker@example.com,Support,60931
Tina,Zimmerman,tina.zimmerman@example.com,Support,118864
Zane,Zimmerman,zane.zimmerman@example.com,Marketing,75829
George,Baker,,Engineering,98216
Wendy,Turner,wendy.turner@example.com,Product,67632
Cathy,Edwards,cathy.edwards@example.com,Sales,51147
Tina,Walker,tina.walker@example.com,Product,109014
Yara,Ingram,yara.ingram497@example.com,Marketing,49545
Alex,Johnson,alex.johnson498@example.com,Finance,48433
Hannah,Walker,hannah.walker@example.com,Marketing,72627
